Name,Purpose,Qty,Price (USD),Distributor,Link
Gilbert PCB,Connecting the LEDs + heat dissipation,5,$ 4.20,JLCPCB,https://jlcpcb.com
seeed studio xiao esp32-s3,the brain,1,$ 9.26,Aliexpress,https://www.aliexpress.com/item/1005007341749305.html
LiPo battery 1 200mAh,powering the parts,1,$ 9.55 ,Aliexpress,https://www.aliexpress.com/item/1005007000725960.html
LEDs nichia 519A 3 500k,for the lighting,2,$ 17.86,Aliexpress,https://www.aliexpress.com/item/1005004368329867.html
monetary switch,for buttons,2,$ 0.46,Aliexpress,https://www.aliexpress.com/item/1005003015037539.html
OLED display,for data of the flashlight,1,$ 2.61,Aliexress,https://www.aliexpress.com/item/1005008918700196.html
AMC7135 LED chip,for not burning and against spikes,1,$ 1.99,Aliexpress,https://www.aliexpress.com/item/1005006788149432.html
TOTAL,,,$46.84,,
TOTAL (with tax & shipping),,,$55,,
